County,State,Female high school graduate or higher,Female Percent bachelor's degree or higher,Male Percent high school graduate or higher,Male Percent bachelor's degree or higher,Total Percent high school graduate or higher,Total Percent bachelor's degree or higher
Baldwin County, Alabama,0.921,0.314,0.894,0.275,0.908,0.295
Calhoun County, Alabama,0.824,0.173,0.816,0.173,0.82,0.173
Cullman County, Alabama,0.81,0.121,0.84,0.135,0.825,0.128
DeKalb County, Alabama,0.716,0.11,0.668,0.09,0.693,0.1
Elmore County, Alabama,0.881,0.209,0.793,0.206,0.84,0.207
Etowah County, Alabama,0.831,0.169,0.846,0.177,0.838,0.173
Houston County, Alabama,0.875,0.212,0.853,0.213,0.865,0.213
Jefferson County, Alabama,0.9,0.319,0.881,0.312,0.891,0.316
Lauderdale County, Alabama,0.847,0.251,0.869,0.216,0.857,0.235
Lee County, Alabama,0.922,0.339,0.905,0.347,0.914,0.343
Limestone County, Alabama,0.857,0.251,0.829,0.267,0.843,0.259
Madison County, Alabama,0.923,0.392,0.902,0.437,0.913,0.414
Marshall County, Alabama,0.801,0.156,0.773,0.18,0.787,0.168
Mobile County, Alabama,0.87,0,0.833,0.213,0.853,0.235
Montgomery County, Alabama,0.86,0.299,0.848,0.336,0.855,0.316
Morgan County, Alabama,0.831,0.221,0.819,0.224,0.825,0.222
St. Clair County, Alabama,0.857,0.137,0.814,0.126,0.836,0.132
Shelby County, Alabama,0.927,0.398,0.905,0.411,0.917,0.404
Talladega County, Alabama,0.795,0.169,0.71,0.121,0.754,0.146
Tuscaloosa County, Alabama,0.855,0.314,0.877,0.305,0.866,0.31
Walker County, Alabama,0.853,0.116,0.79,0.069,0.823,0.094
Anchorage Municipality, Alaska,0.936,0.364,0.95,0.348,0.943,0.356
Fairbanks North Star Borough, Alaska,0.945,0.384,0.96,0.309,0.953,0.345
Matanuska-Susitna Borough, Alaska,0.913,0.223,0.918,0.183,0.916,0.202
Apache County, Arizona,0.795,0.162,0.788,0.099,0.792,0.131
Cochise County, Arizona,0.863,0.199,0.862,0.196,0.863,0.198
Coconino County, Arizona,0.888,0.342,0.902,0.319,0.895,0.331
Maricopa County, Arizona,0.871,0.299,0.864,0.314,0.868,0.306
Mohave County, Arizona,0.874,0.12,0.838,0.119,0.856,0.119
Navajo County, Arizona,0.838,0.163,0.838,0.15,0.838,0.157
Pima County, Arizona,0.875,0.312,0.872,0.31,0.873,0.311
Pinal County, Arizona,0.863,0.175,0.815,0.174,0.838,0.175
Yavapai County, Arizona,0.912,0.266,0.891,0.263,0.902,0.265
Yuma County, Arizona,0.697,0.157,0.716,0.151,0.707,0.154
Benton County, Arkansas,0.876,0.324,0.874,0.33,0.875,0.327
Craighead County, Arkansas,0.908,0.258,0.882,0.24,0.896,0.25
Faulkner County, Arkansas,0.923,0.324,0.921,0.306,0.922,0.315
Garland County, Arkansas,0.878,0.2,0.87,0.186,0.874,0.194
Jefferson County, Arkansas,0.876,0.193,0.824,0.099,0.851,0.147
Lonoke County, Arkansas,0.879,0.214,0.878,0.217,0.879,0.215
Pulaski County, Arkansas,0.891,0.349,0.881,0.329,0.887,0.339
Saline County, Arkansas,0.886,0.234,0.906,0.267,0.896,0.25
Sebastian County, Arkansas,0.818,0.185,0.806,0.19,0.812,0.187
Washington County, Arkansas,0.855,0.326,0.847,0.32,0.851,0.323
White County, Arkansas,0.848,0.22,0.794,0.141,0.821,0.182
Alameda County, California,0.878,0.45,0.873,0.453,0.875,0.451
Butte County, California,0.893,0.282,0.876,0.273,0.884,0.278
Contra Costa County, California,0.899,0.401,0.877,0.403,0.889,0.402
El Dorado County, California,0.948,0.305,0.92,0.359,0.934,0.332
Fresno County, California,0.762,0.2,0.726,0.184,0.744,0.192
Humboldt County, California,0.888,0.27,0.882,0.275,0.885,0.272
Imperial County, California,0.684,0.143,0.649,0.144,0.666,0.143
Kern County, California,0.753,0.175,0.715,0.149,0.734,0.162
Kings County, California,0.741,0.188,0.715,0.14,0.727,0.161
Lake County, California,0.841,0.133,0.869,0.118,0.855,0.125
Los Angeles County, California,0.78,0.309,0.782,0.308,0.781,0.308
Madera County, California,0.747,0.146,0.706,0.163,0.728,0.154
Marin County, California,0.94,0.596,0.905,0.582,0.924,0.589
Mendocino County, California,0.886,0.267,0.875,0.272,0.88,0.27
Merced County, California,0.707,0.152,0.656,0.137,0.682,0.144
Monterey County, California,0.717,0.251,0.663,0.215,0.69,0.233
Napa County, California,0.853,0.33,0.837,0.326,0.845,0.328
Nevada County, California,0.943,0.353,0.93,0.325,0.937,0.339
Orange County, California,0.843,0.379,0.839,0.396,0.841,0.388
Placer County, California,0.935,0.352,0.932,0.389,0.934,0.369
Riverside County, California,0.81,0.199,0.797,0.216,0.804,0.207
Sacramento County, California,0.872,0.295,0.871,0.297,0.872,0.296
San Bernardino County, California,0.804,0.204,0.773,0.183,0.789,0.194
San Diego County, California,0.857,0.366,0.875,0.378,0.866,0.372
San Francisco County, California,0.86,0.555,0.891,0.549,0.876,0.552
San Joaquin County, California,0.791,0.195,0.77,0.181,0.781,0.188
San Luis Obispo County, California,0.913,0.347,0.892,0.335,0.903,0.341
San Mateo County, California,0.88,0.473,0.879,0.469,0.879,0.471
Santa Barbara County, California,0.809,0.322,0.791,0.342,0.8,0.332
Santa Clara County, California,0.867,0.479,0.88,0.512,0.873,0.495
Santa Cruz County, California,0.844,0.378,0.839,0.365,0.841,0.371
Shasta County, California,0.924,0.222,0.88,0.218,0.903,0.22
Solano County, California,0.886,0.276,0.864,0.237,0.876,0.257
Sonoma County, California,0.889,0.338,0.85,0.318,0.87,0.328
Stanislaus County, California,0.771,0.164,0.773,0.165,0.772,0.164
Sutter County, California,0.77,0.155,0.751,0.171,0.761,0.163
Tulare County, California,0.709,0.147,0.672,0.137,0.691,0.142
Ventura County, California,0.842,0.321,0.817,0.334,0.829,0.327
Yolo County, California,0.883,0.408,0.868,0.443,0.876,0.425
Yuba County, California,0.824,0.142,0.83,0.134,0.827,0.138
Adams County, Colorado,0.835,0.242,0.806,0.214,0.82,0.228
Arapahoe County, Colorado,0.931,0.405,0.93,0.416,0.931,0.41
Boulder County, Colorado,0.947,0.6,0.945,0.612,0.946,0.606
Broomfield County, Colorado,0.983,0.586,0.955,0.535,0.97,0.561
Denver County, Colorado,0.852,0.49,0.864,0.452,0.858,0.471
Douglas County, Colorado,0.983,0.527,0.98,0.596,0.982,0.561
El Paso County, Colorado,0.947,0.353,0.943,0.376,0.945,0.364
Jefferson County, Colorado,0.947,0.437,0.94,0.427,0.944,0.432
Larimer County, Colorado,0.967,0.465,0.949,0.458,0.958,0.462
Mesa County, Colorado,0.913,0.307,0.903,0.299,0.908,0.303
Pueblo County, Colorado,0.871,0.219,0.874,0.213,0.872,0.216
Weld County, Colorado,0.876,0.277,0.866,0.242,0.871,0.259
Fairfield County, Connecticut,0.905,0.457,0.897,0.469,0.901,0.463
Hartford County, Connecticut,0.899,0.366,0.886,0.382,0.893,0.374
Litchfield County, Connecticut,0.925,0.37,0.914,0.298,0.919,0.335
Middlesex County, Connecticut,0.938,0.41,0.917,0.396,0.928,0.404
New Haven County, Connecticut,0.899,0.347,0.892,0.338,0.895,0.343
New London County, Connecticut,0.926,0.345,0.902,0.324,0.914,0.334
Tolland County, Connecticut,0.958,0.433,0.933,0.395,0.946,0.414
Windham County, Connecticut,0.895,0.258,0.87,0.233,0.883,0.246
Kent County, Delaware,0.876,0.217,0.852,0.209,0.865,0.213
New Castle County, Delaware,0.924,0.362,0.893,0.354,0.909,0.358
Sussex County, Delaware,0.87,0.265,0.846,0.258,0.859,0.262
District of Columbia, District of Columbia,0.904,0.551,0.892,0.586,0.898,0.567
Alachua County, Florida,0.946,0.434,0.905,0.447,0.926,0.44
Bay County, Florida,0.905,0.207,0.877,0.253,0.891,0.23
Brevard County, Florida,0.919,0.266,0.916,0.303,0.918,0.284
Broward County, Florida,0.883,0.319,0.882,0.326,0.882,0.322
Charlotte County, Florida,0.928,0.209,0.887,0.212,0.908,0.21
Citrus County, Florida,0.871,0.167,0.851,0.157,0.861,0.162
Clay County, Florida,0.907,0.228,0.893,0.248,0.9,0.238
Collier County, Florida,0.879,0.321,0.857,0.385,0.868,0.352
Columbia County, Florida,0.879,0.152,0.856,0.151,0.867,0.151
Duval County, Florida,0.897,0.298,0.88,0.281,0.889,0.29
Escambia County, Florida,0.917,0.241,0.911,0.263,0.914,0.252
Flagler County, Florida,0.94,0.246,0.933,0.278,0.937,0.261
Hernando County, Florida,0.896,0.161,0.87,0.188,0.884,0.174
Highlands County, Florida,0.864,0.173,0.822,0.179,0.844,0.176
Hillsborough County, Florida,0.895,0.321,0.867,0.328,0.882,0.325
Indian River County, Florida,0.918,0.229,0.862,0.286,0.892,0.256
Lake County, Florida,0.917,0.227,0.89,0.225,0.904,0.226
Lee County, Florida,0.875,0.254,0.865,0.271,0.87,0.262
Leon County, Florida,0.934,0.444,0.926,0.437,0.93,0.441
Manatee County, Florida,0.886,0.252,0.873,0.289,0.88,0.269
Marion County, Florida,0.893,0.171,0.882,0.227,0.888,0.197
Martin County, Florida,0.914,0.319,0.903,0.364,0.909,0.341
Miami-Dade County, Florida,0.802,0.274,0.805,0.274,0.803,0.274
Monroe County, Florida,0.925,0.362,0.886,0.329,0.905,0.345
Nassau County, Florida,0.899,0.24,0.892,0.214,0.896,0.227
Okaloosa County, Florida,0.915,0.278,0.915,0.32,0.915,0.299
Orange County, Florida,0.885,0.33,0.888,0.312,0.887,0.321
Osceola County, Florida,0.881,0.234,0.875,0.166,0.878,0.201
Palm Beach County, Florida,0.899,0.343,0.872,0.373,0.886,0.357
Pasco County, Florida,0.894,0.221,0.88,0.22,0.887,0.221
Pinellas County, Florida,0.921,0.292,0.899,0.306,0.911,0.299
Polk County, Florida,0.851,0.192,0.819,0.19,0.836,0.191
Putnam County, Florida,0.836,0.095,0.762,0.111,0.799,0.103
St. Johns County, Florida,0.95,0.414,0.949,0.481,0.949,0.446
St. Lucie County, Florida,0.862,0.212,0.832,0.185,0.848,0.2
Santa Rosa County, Florida,0.89,0.28,0.889,0.28,0.889,0.28
Sarasota County, Florida,0.93,0.324,0.925,0.378,0.928,0.349
Seminole County, Florida,0.939,0.351,0.938,0.369,0.938,0.359
Sumter County, Florida,0.958,0.321,0.895,0.339,0.926,0.33
Volusia County, Florida,0.914,0.215,0.892,0.236,0.904,0.225
Barrow County, Georgia,0.84,0.173,0.784,0.158,0.814,0.166
Bartow County, Georgia,0.856,0.181,0.789,0.158,0.824,0.17
Bibb County, Georgia,0.851,0.249,0.866,0.257,0.858,0.253
Bulloch County, Georgia,0.874,0.258,0.887,0.312,0.88,0.284
Carroll County, Georgia,0.853,0.189,0.827,0.218,0.841,0.203
Catoosa County, Georgia,0.874,0.2,0.859,0.195,0.866,0.198
Chatham County, Georgia,0.905,0.329,0.891,0.312,0.898,0.321
Cherokee County, Georgia,0.917,0.38,0.916,0.396,0.916,0.388
Clarke County, Georgia,0.839,0.428,0.863,0.471,0.851,0.448
Clayton County, Georgia,0.861,0.211,0.829,0.167,0.847,0.191
Cobb County, Georgia,0.915,0.454,0.889,0.45,0.903,0.452
Columbia County, Georgia,0.926,0.38,0.899,0.325,0.913,0.354
Coweta County, Georgia,0.899,0.285,0.911,0.296,0.905,0.291
DeKalb County, Georgia,0.897,0.435,0.856,0.407,0.878,0.422
Dougherty County, Georgia,0.842,0.217,0.793,0.204,0.82,0.211
Douglas County, Georgia,0.894,0.334,0.888,0.294,0.892,0.316
Fayette County, Georgia,0.935,0.455,0.951,0.481,0.943,0.467
Floyd County, Georgia,0.799,0.192,0.781,0.178,0.79,0.185
Forsyth County, Georgia,0.927,0.46,0.92,0.506,0.924,0.482
Fulton County, Georgia,0.928,0.488,0.905,0.51,0.917,0.499
Glynn County, Georgia,0.892,0.308,0.873,0.266,0.883,0.289
Gwinnett County, Georgia,0.874,0.364,0.869,0.342,0.872,0.354
Hall County, Georgia,0.804,0.229,0.779,0.224,0.792,0.227
Henry County, Georgia,0.921,0.307,0.875,0.255,0.9,0.284
Houston County, Georgia,0.886,0.193,0.921,0.232,0.903,0.211
Liberty County, Georgia,0.9,0.199,0.898,0.15,0.899,0.174
Lowndes County, Georgia,0.829,0.217,0.822,0.234,0.825,0.225
Muscogee County, Georgia,0.878,0.255,0.857,0.234,0.868,0.245
Newton County, Georgia,0.858,0.203,0.863,0.198,0.86,0.201
Paulding County, Georgia,0.881,0.248,0.903,0.209,0.892,0.229
Richmond County, Georgia,0.849,0.216,0.808,0.207,0.83,0.212
Rockdale County, Georgia,0.881,0.266,0.861,0.238,0.872,0.253
Troup County, Georgia,0.842,0.164,0.805,0.182,0.825,0.172
Walker County, Georgia,0.816,0.138,0.771,0.164,0.795,0.15
Walton County, Georgia,0.882,0.192,0.853,0.197,0.868,0.195
Whitfield County, Georgia,0.695,0.152,0.665,0.127,0.681,0.14
Hawaii County, Hawaii,0.922,0.298,0.906,0.276,0.914,0.287
Honolulu County, Hawaii,0.9,0.34,0.912,0.324,0.906,0.332
Kauai County, Hawaii,0.928,0.309,0.928,0.24,0.928,0.275
Maui County, Hawaii,0.916,0.27,0.904,0.237,0.91,0.253
Ada County, Idaho,0.949,0.341,0.945,0.405,0.947,0.373
Bannock County, Idaho,0.918,0.241,0.925,0.245,0.921,0.243
Bonneville County, Idaho,0.903,0.287,0.902,0.316,0.903,0.301
Canyon County, Idaho,0.863,0.163,0.834,0.176,0.849,0.169
Kootenai County, Idaho,0.913,0.227,0.919,0.238,0.916,0.232
Twin Falls County, Idaho,0.866,0.171,0.872,0.191,0.869,0.18
Adams County, Illinois,0.946,0.219,0.922,0.199,0.934,0.209
Champaign County, Illinois,0.964,0.465,0.945,0.453,0.955,0.459
Cook County, Illinois,0.868,0.371,0.856,0.359,0.862,0.365
DeKalb County, Illinois,0.918,0.332,0.928,0.286,0.922,0.31
DuPage County, Illinois,0.924,0.437,0.92,0.483,0.922,0.459
Kane County, Illinois,0.835,0.309,0.823,0.315,0.829,0.312
Kankakee County, Illinois,0.879,0.208,0.851,0.208,0.866,0.208
Kendall County, Illinois,0.97,0.395,0.956,0.374,0.963,0.385
Lake County, Illinois,0.909,0.428,0.898,0.459,0.903,0.443
LaSalle County, Illinois,0.908,0.174,0.861,0.156,0.885,0.165
McHenry County, Illinois,0.937,0.328,0.931,0.327,0.934,0.328
McLean County, Illinois,0.957,0.452,0.957,0.478,0.957,0.464
Macon County, Illinois,0.915,0.239,0.87,0.229,0.894,0.234
Madison County, Illinois,0.93,0.261,0.924,0.235,0.927,0.249
Peoria County, Illinois,0.894,0.281,0.904,0.32,0.899,0.299
Rock Island County, Illinois,0.888,0.211,0.874,0.241,0.881,0.226
St. Clair County, Illinois,0.9,0.282,0.896,0.248,0.898,0.266
Sangamon County, Illinois,0.921,0.334,0.916,0.357,0.918,0.345
Tazewell County, Illinois,0.915,0.261,0.929,0.244,0.922,0.253
Vermilion County, Illinois,0.876,0.141,0.874,0.12,0.875,0.13
Will County, Illinois,0.911,0.344,0.897,0.322,0.904,0.333
Williamson County, Illinois,0.925,0.247,0.945,0.187,0.935,0.218
Winnebago County, Illinois,0.889,0.224,0.857,0.225,0.874,0.224
Allen County, Indiana,0.899,0.267,0.886,0.296,0.892,0.281
Bartholomew County, Indiana,0.919,0.281,0.916,0.312,0.918,0.296
Clark County, Indiana,0.908,0.238,0.888,0.197,0.899,0.218
Delaware County, Indiana,0.9,0.229,0.903,0.232,0.901,0.231
Elkhart County, Indiana,0.813,0.196,0.787,0.17,0.8,0.183
Floyd County, Indiana,0.88,0.312,0.925,0.255,0.901,0.285
Grant County, Indiana,0.866,0.143,0.875,0.144,0.87,0.144
Hamilton County, Indiana,0.956,0.532,0.962,0.59,0.958,0.559
Hancock County, Indiana,0.936,0.327,0.926,0.294,0.931,0.311
Hendricks County, Indiana,0.941,0.374,0.94,0.378,0.941,0.376
Howard County, Indiana,0.879,0.178,0.866,0.198,0.873,0.188
Johnson County, Indiana,0.914,0.307,0.927,0.335,0.92,0.32
Kosciusko County, Indiana,0.853,0.204,0.851,0.207,0.852,0.205
Lake County, Indiana,0.881,0.226,0.875,0.207,0.878,0.217
LaPorte County, Indiana,0.888,0.203,0.856,0.151,0.872,0.176
Madison County, Indiana,0.888,0.197,0.865,0.17,0.877,0.184
Marion County, Indiana,0.867,0.298,0.826,0.286,0.848,0.292
Monroe County, Indiana,0.931,0.463,0.925,0.458,0.928,0.46
Morgan County, Indiana,0.851,0.141,0.887,0.163,0.869,0.152
Porter County, Indiana,0.908,0.27,0.934,0.276,0.92,0.273
St. Joseph County, Indiana,0.874,0.273,0.862,0.283,0.868,0.278
Tippecanoe County, Indiana,0.893,0.359,0.916,0.345,0.905,0.352
Vanderburgh County, Indiana,0.897,0.265,0.901,0.228,0.899,0.247
Vigo County, Indiana,0.865,0.269,0.849,0.244,0.857,0.256
Wayne County, Indiana,0.847,0.163,0.798,0.163,0.824,0.163
Black Hawk County, Iowa,0.913,0.303,0.907,0.28,0.91,0.292
Dallas County, Iowa,0.935,0.443,0.953,0.484,0.944,0.462
Dubuque County, Iowa,0.921,0.338,0.906,0.279,0.914,0.309
Johnson County, Iowa,0.963,0.508,0.937,0.434,0.95,0.471
Linn County, Iowa,0.953,0.294,0.942,0.294,0.948,0.294
Polk County, Iowa,0.916,0.35,0.905,0.349,0.911,0.349
Pottawattamie County, Iowa,0.896,0.229,0.856,0.19,0.877,0.21
Scott County, Iowa,0.925,0.304,0.921,0.309,0.923,0.307
Story County, Iowa,0.971,0.495,0.97,0.537,0.97,0.516
Woodbury County, Iowa,0.853,0.235,0.879,0.2,0.865,0.219
Butler County, Kansas,0.941,0.29,0.911,0.277,0.926,0.284
Douglas County, Kansas,0.926,0.484,0.937,0.456,0.931,0.47
Johnson County, Kansas,0.968,0.541,0.958,0.569,0.963,0.554
Leavenworth County, Kansas,0.905,0.284,0.893,0.284,0.899,0.284
Riley County, Kansas,0.952,0.424,0.957,0.425,0.954,0.424
Sedgwick County, Kansas,0.888,0.276,0.884,0.277,0.886,0.277
Shawnee County, Kansas,0.914,0.308,0.905,0.298,0.91,0.303
Wyandotte County, Kansas,0.798,0.17,0.757,0.15,0.778,0.16
Boone County, Kentucky,0.916,0.323,0.929,0.313,0.922,0.318
Bullitt County, Kentucky,0.864,0.162,0.872,0.132,0.867,0.148
Campbell County, Kentucky,0.893,0.35,0.845,0.294,0.87,0.323
Christian County, Kentucky,0.877,0.204,0.837,0.143,0.857,0.174
Daviess County, Kentucky,0.901,0.229,0.873,0.195,0.887,0.213
Fayette County, Kentucky,0.904,0.425,0.896,0.406,0.9,0.416
Hardin County, Kentucky,0.854,0.244,0.904,0.2,0.879,0.223
Jefferson County, Kentucky,0.907,0.337,0.9,0.334,0.904,0.336
Kenton County, Kentucky,0.892,0.281,0.88,0.274,0.886,0.278
McCracken County, Kentucky,0.901,0.275,0.895,0.24,0.898,0.259
Madison County, Kentucky,0.861,0.3,0.81,0.269,0.837,0.285
Pike County, Kentucky,0.764,0.12,0.722,0.137,0.744,0.128
Warren County, Kentucky,0.875,0.323,0.864,0.288,0.87,0.306
Ascension Parish, Louisiana,0.897,0.285,0.853,0.249,0.876,0.267
Bossier Parish, Louisiana,0.888,0.251,0.891,0.222,0.89,0.237
Caddo Parish, Louisiana,0.879,0.245,0.864,0.23,0.873,0.238
Calcasieu Parish, Louisiana,0.879,0.245,0.836,0.192,0.858,0.22
East Baton Rouge Parish, Louisiana,0.921,0.344,0.909,0.347,0.915,0.345
Iberia Parish, Louisiana,0.771,0.109,0.793,0.094,0.781,0.102
Jefferson Parish, Louisiana,0.864,0.257,0.823,0.25,0.845,0.254
Lafayette Parish, Louisiana,0.878,0.317,0.843,0.305,0.861,0.312
Lafourche Parish, Louisiana,0.813,0.201,0.711,0.133,0.764,0.168
Livingston Parish, Louisiana,0.843,0.23,0.878,0.181,0.86,0.207
Orleans Parish, Louisiana,0.878,0.381,0.84,0.336,0.86,0.36
Ouachita Parish, Louisiana,0.854,0.248,0.84,0.281,0.847,0.264
Rapides Parish, Louisiana,0.852,0.206,0.819,0.193,0.837,0.2
St. Landry Parish, Louisiana,0.756,0.143,0.709,0.11,0.735,0.128
St. Tammany Parish, Louisiana,0.906,0.31,0.882,0.301,0.895,0.306
Tangipahoa Parish, Louisiana,0.887,0.212,0.827,0.167,0.859,0.191
Terrebonne Parish, Louisiana,0.861,0.178,0.71,0.126,0.789,0.153
Androscoggin County, Maine,0.88,0.204,0.881,0.219,0.881,0.211
Aroostook County, Maine,0.876,0.189,0.854,0.178,0.865,0.184
Cumberland County, Maine,0.963,0.484,0.955,0.433,0.959,0.46
Kennebec County, Maine,0.937,0.275,0.918,0.269,0.928,0.272
Penobscot County, Maine,0.911,0.255,0.889,0.235,0.9,0.245
York County, Maine,0.934,0.327,0.915,0.301,0.925,0.314
Allegany County, Maryland,0.924,0.182,0.852,0.157,0.887,0.169
Anne Arundel County, Maryland,0.917,0.392,0.916,0.396,0.917,0.394
Baltimore County, Maryland,0.914,0.375,0.905,0.384,0.91,0.379
Calvert County, Maryland,0.958,0.338,0.952,0.262,0.955,0.301
Carroll County, Maryland,0.933,0.365,0.898,0.354,0.916,0.36
Cecil County, Maryland,0.918,0.241,0.866,0.212,0.892,0.227
Charles County, Maryland,0.959,0.295,0.913,0.258,0.938,0.278
Frederick County, Maryland,0.921,0.389,0.937,0.37,0.929,0.38
Harford County, Maryland,0.928,0.347,0.924,0.354,0.926,0.351
Howard County, Maryland,0.952,0.588,0.952,0.62,0.952,0.604
Montgomery County, Maryland,0.897,0.564,0.901,0.599,0.899,0.58
Prince George's County, Maryland,0.881,0.343,0.834,0.298,0.859,0.322
St. Mary's County, Maryland,0.893,0.312,0.909,0.354,0.901,0.333
Washington County, Maryland,0.887,0.232,0.856,0.169,0.871,0.201
Wicomico County, Maryland,0.899,0.262,0.878,0.272,0.89,0.267
Baltimore city, Maryland,0.861,0.315,0.83,0.28,0.847,0.299
Barnstable County, Massachusetts,0.961,0.395,0.953,0.407,0.958,0.401
Berkshire County, Massachusetts,0.896,0.333,0.887,0.315,0.892,0.324
Bristol County, Massachusetts,0.849,0.274,0.837,0.255,0.844,0.265
Essex County, Massachusetts,0.898,0.373,0.893,0.398,0.896,0.385
Franklin County, Massachusetts,0.953,0.38,0.928,0.305,0.941,0.344
Hampden County, Massachusetts,0.874,0.267,0.843,0.252,0.86,0.26
Hampshire County, Massachusetts,0.93,0.495,0.946,0.439,0.938,0.469
Middlesex County, Massachusetts,0.931,0.533,0.929,0.543,0.93,0.538
Norfolk County, Massachusetts,0.941,0.503,0.935,0.518,0.938,0.51
Plymouth County, Massachusetts,0.934,0.369,0.923,0.348,0.929,0.359
Suffolk County, Massachusetts,0.855,0.439,0.842,0.416,0.849,0.428
Worcester County, Massachusetts,0.902,0.348,0.889,0.342,0.896,0.345
Allegan County, Michigan,0.899,0.213,0.886,0.203,0.893,0.208
Bay County, Michigan,0.923,0.17,0.877,0.191,0.9,0.18
Berrien County, Michigan,0.908,0.278,0.902,0.301,0.905,0.289
Calhoun County, Michigan,0.906,0.219,0.908,0.178,0.907,0.2
Clinton County, Michigan,0.947,0.306,0.932,0.318,0.94,0.312
Eaton County, Michigan,0.942,0.282,0.936,0.247,0.939,0.266
Genesee County, Michigan,0.907,0.213,0.891,0.202,0.9,0.208
Grand Traverse County, Michigan,0.951,0.31,0.935,0.339,0.943,0.324
Ingham County, Michigan,0.93,0.377,0.919,0.393,0.925,0.385
Isabella County, Michigan,0.916,0.301,0.906,0.269,0.911,0.285
Jackson County, Michigan,0.906,0.237,0.894,0.202,0.9,0.219
Kalamazoo County, Michigan,0.951,0.381,0.943,0.402,0.947,0.391
Kent County, Michigan,0.903,0.335,0.891,0.347,0.898,0.34
Lapeer County, Michigan,0.92,0.217,0.885,0.158,0.903,0.188
Lenawee County, Michigan,0.92,0.207,0.876,0.149,0.898,0.178
Livingston County, Michigan,0.953,0.323,0.944,0.315,0.948,0.319
Macomb County, Michigan,0.892,0.237,0.892,0.238,0.892,0.238
Marquette County, Michigan,0.94,0.32,0.933,0.313,0.937,0.316
Midland County, Michigan,0.964,0.345,0.928,0.335,0.946,0.34
Monroe County, Michigan,0.91,0.195,0.903,0.17,0.906,0.183
Muskegon County, Michigan,0.919,0.208,0.873,0.166,0.897,0.187
Oakland County, Michigan,0.938,0.431,0.932,0.47,0.935,0.449
Ottawa County, Michigan,0.92,0.31,0.921,0.326,0.92,0.318
Saginaw County, Michigan,0.886,0.202,0.887,0.185,0.886,0.194
St. Clair County, Michigan,0.909,0.169,0.896,0.16,0.903,0.165
Shiawassee County, Michigan,0.915,0.167,0.912,0.157,0.914,0.162
Van Buren County, Michigan,0.877,0.216,0.85,0.193,0.864,0.205
Washtenaw County, Michigan,0.948,0.556,0.944,0.547,0.946,0.552
Wayne County, Michigan,0.865,0.229,0.845,0.223,0.855,0.226
Anoka County, Minnesota,0.935,0.308,0.939,0.283,0.937,0.296
Blue Earth County, Minnesota,0.957,0.362,0.945,0.301,0.951,0.332
Carver County, Minnesota,0.95,0.431,0.956,0.46,0.953,0.445
Dakota County, Minnesota,0.951,0.412,0.947,0.41,0.949,0.411
Hennepin County, Minnesota,0.928,0.482,0.923,0.484,0.926,0.483
Olmsted County, Minnesota,0.951,0.438,0.935,0.425,0.943,0.431
Ramsey County, Minnesota,0.906,0.426,0.898,0.407,0.902,0.417
Rice County, Minnesota,0.941,0.296,0.908,0.271,0.924,0.283
St. Louis County, Minnesota,0.938,0.294,0.943,0.271,0.941,0.282
Scott County, Minnesota,0.951,0.36,0.939,0.364,0.945,0.362
Sherburne County, Minnesota,0.964,0.304,0.922,0.246,0.943,0.275
Stearns County, Minnesota,0.911,0.276,0.917,0.229,0.914,0.252
Washington County, Minnesota,0.963,0.437,0.959,0.415,0.961,0.426
Wright County, Minnesota,0.952,0.283,0.932,0.244,0.942,0.264
DeSoto County, Mississippi,0.897,0.259,0.879,0.198,0.889,0.231
Forrest County, Mississippi,0.868,0.252,0.809,0.246,0.84,0.249
Harrison County, Mississippi,0.87,0.24,0.867,0.212,0.869,0.226
Hinds County, Mississippi,0.891,0.3,0.847,0.253,0.872,0.279
Jackson County, Mississippi,0.881,0.222,0.846,0.154,0.864,0.189
Jones County, Mississippi,0.844,0.247,0.765,0.191,0.807,0.22
Lauderdale County, Mississippi,0.887,0.171,0.812,0.166,0.852,0.169
Lee County, Mississippi,0.876,0.254,0.837,0.196,0.858,0.228
Madison County, Mississippi,0.917,0.36,0.908,0.481,0.912,0.416
Rankin County, Mississippi,0.917,0.33,0.883,0.247,0.901,0.291
Boone County, Missouri,0.945,0.495,0.937,0.473,0.941,0.485
Buchanan County, Missouri,0.922,0.214,0.884,0.212,0.903,0.213
Cape Girardeau County, Missouri,0.914,0.285,0.896,0.293,0.905,0.289
Cass County, Missouri,0.892,0.262,0.91,0.262,0.901,0.262
Christian County, Missouri,0.951,0.26,0.914,0.223,0.934,0.242
Clay County, Missouri,0.936,0.336,0.917,0.3,0.927,0.319
Cole County, Missouri,0.952,0.361,0.925,0.291,0.938,0.325
Franklin County, Missouri,0.891,0.232,0.86,0.185,0.875,0.209
Greene County, Missouri,0.925,0.31,0.896,0.306,0.911,0.308
Jackson County, Missouri,0.902,0.305,0.878,0.298,0.891,0.302
Jasper County, Missouri,0.912,0.267,0.858,0.23,0.887,0.25
Jefferson County, Missouri,0.883,0.208,0.847,0.143,0.865,0.176
Platte County, Missouri,0.948,0.437,0.961,0.401,0.955,0.419
St. Charles County, Missouri,0.934,0.343,0.946,0.348,0.939,0.345
St. Francois County, Missouri,0.832,0.2,0.806,0.114,0.818,0.153
St. Louis County, Missouri,0.932,0.399,0.929,0.44,0.931,0.418
St. Louis city, Missouri,0.859,0.352,0.857,0.341,0.858,0.347
Cascade County, Montana,0.92,0.274,0.908,0.238,0.914,0.256
Flathead County, Montana,0.971,0.296,0.934,0.278,0.953,0.287
Gallatin County, Montana,0.968,0.532,0.973,0.493,0.97,0.513
Lewis and Clark County, Montana,0.946,0.363,0.959,0.372,0.952,0.367
Missoula County, Montana,0.962,0.451,0.968,0.407,0.965,0.429
Yellowstone County, Montana,0.94,0.301,0.939,0.294,0.939,0.298
Douglas County, Nebraska,0.914,0.388,0.894,0.373,0.904,0.38
Lancaster County, Nebraska,0.94,0.374,0.943,0.375,0.941,0.374
Sarpy County, Nebraska,0.945,0.357,0.96,0.387,0.952,0.372
Clark County, Nevada,0.849,0.233,0.854,0.229,0.851,0.231
Washoe County, Nevada,0.89,0.296,0.85,0.296,0.87,0.296
Cheshire County, New Hampshire,0.944,0.347,0.918,0.281,0.931,0.315
Grafton County, New Hampshire,0.955,0.382,0.923,0.377,0.939,0.379
Hillsborough County, New Hampshire,0.922,0.356,0.915,0.384,0.918,0.369
Merrimack County, New Hampshire,0.949,0.349,0.929,0.335,0.94,0.342
Rockingham County, New Hampshire,0.959,0.408,0.945,0.415,0.952,0.412
Strafford County, New Hampshire,0.937,0.364,0.905,0.363,0.921,0.364
Atlantic County, New Jersey,0.862,0.281,0.849,0.261,0.856,0.272
Bergen County, New Jersey,0.922,0.466,0.919,0.483,0.921,0.474
Burlington County, New Jersey,0.941,0.358,0.932,0.366,0.936,0.362
Camden County, New Jersey,0.887,0.326,0.889,0.312,0.888,0.32
Cape May County, New Jersey,0.915,0.309,0.895,0.305,0.906,0.307
Cumberland County, New Jersey,0.816,0.151,0.758,0.12,0.786,0.135
Essex County, New Jersey,0.852,0.345,0.842,0.341,0.847,0.343
Gloucester County, New Jersey,0.92,0.303,0.91,0.289,0.915,0.297
Hudson County, New Jersey,0.838,0.382,0.84,0.402,0.839,0.392
Hunterdon County, New Jersey,0.944,0.497,0.939,0.508,0.942,0.502
Mercer County, New Jersey,0.89,0.381,0.866,0.382,0.879,0.381
Middlesex County, New Jersey,0.879,0.416,0.887,0.413,0.883,0.415
Monmouth County, New Jersey,0.935,0.427,0.927,0.455,0.931,0.44
Morris County, New Jersey,0.948,0.497,0.948,0.532,0.948,0.514
Ocean County, New Jersey,0.918,0.262,0.907,0.294,0.913,0.277
Passaic County, New Jersey,0.824,0.247,0.81,0.248,0.817,0.248
Salem County, New Jersey,0.914,0.258,0.86,0.148,0.888,0.205
Somerset County, New Jersey,0.954,0.53,0.951,0.547,0.953,0.538
Sussex County, New Jersey,0.96,0.36,0.934,0.355,0.947,0.358
Union County, New Jersey,0.871,0.35,0.835,0.317,0.854,0.334
Warren County, New Jersey,0.89,0.322,0.891,0.299,0.891,0.311
Bernalillo County, New Mexico,0.882,0.331,0.858,0.311,0.87,0.321
Chaves County, New Mexico,0.792,0.168,0.782,0.147,0.787,0.158
Doña Ana County, New Mexico,0.779,0.281,0.813,0.246,0.796,0.264
Lea County, New Mexico,0.77,0.196,0.74,0.155,0.754,0.175
McKinley County, New Mexico,0.74,0.121,0.773,0.086,0.756,0.105
Otero County, New Mexico,0.8,0.169,0.758,0.167,0.779,0.168
Sandoval County, New Mexico,0.898,0.317,0.89,0.269,0.894,0.294
San Juan County, New Mexico,0.832,0.166,0.821,0.116,0.826,0.141
Santa Fe County, New Mexico,0.912,0.435,0.854,0.38,0.884,0.409
Valencia County, New Mexico,0.873,0.166,0.807,0.143,0.84,0.154
Albany County, New York,0.93,0.363,0.908,0.397,0.92,0.379
Bronx County, New York,0.717,0.213,0.707,0.182,0.712,0.199
Broome County, New York,0.917,0.277,0.903,0.271,0.91,0.274
Cattaraugus County, New York,0.877,0.194,0.855,0.141,0.866,0.168
Cayuga County, New York,0.924,0.265,0.852,0.179,0.887,0.221
Chautauqua County, New York,0.899,0.217,0.863,0.198,0.882,0.208
Chemung County, New York,0.923,0.271,0.896,0.212,0.91,0.242
Clinton County, New York,0.871,0.22,0.822,0.159,0.845,0.189
Dutchess County, New York,0.917,0.358,0.909,0.319,0.913,0.339
Erie County, New York,0.908,0.324,0.905,0.321,0.907,0.322
Jefferson County, New York,0.919,0.253,0.884,0.208,0.901,0.23
Kings County, New York,0.808,0.357,0.802,0.349,0.805,0.353
Livingston County, New York,0.89,0.29,0.873,0.217,0.882,0.253
Madison County, New York,0.924,0.261,0.91,0.223,0.917,0.243
Monroe County, New York,0.902,0.361,0.892,0.371,0.897,0.366
Nassau County, New York,0.915,0.444,0.908,0.429,0.912,0.437
New York County, New York,0.86,0.606,0.871,0.609,0.865,0.607
Niagara County, New York,0.902,0.228,0.894,0.209,0.898,0.219
Oneida County, New York,0.89,0.238,0.869,0.218,0.88,0.228
Onondaga County, New York,0.909,0.36,0.908,0.357,0.909,0.358
Ontario County, New York,0.945,0.336,0.936,0.33,0.94,0.333
Orange County, New York,0.894,0.315,0.905,0.282,0.899,0.299
Oswego County, New York,0.898,0.174,0.862,0.149,0.88,0.162
Putnam County, New York,0.938,0.386,0.925,0.319,0.932,0.353
Queens County, New York,0.806,0.313,0.808,0.303,0.807,0.308
Rensselaer County, New York,0.928,0.3,0.908,0.281,0.919,0.291
Richmond County, New York,0.895,0.33,0.898,0.315,0.896,0.323
Rockland County, New York,0.871,0.395,0.87,0.383,0.871,0.39
St. Lawrence County, New York,0.906,0.242,0.882,0.234,0.894,0.238
Saratoga County, New York,0.952,0.392,0.942,0.401,0.947,0.396
Schenectady County, New York,0.902,0.326,0.891,0.321,0.897,0.324
Steuben County, New York,0.907,0.255,0.891,0.234,0.899,0.245
Suffolk County, New York,0.904,0.359,0.893,0.33,0.899,0.345
Sullivan County, New York,0.886,0.267,0.83,0.193,0.857,0.229
Tompkins County, New York,0.972,0.539,0.952,0.561,0.962,0.549
Ulster County, New York,0.915,0.343,0.882,0.283,0.899,0.313
Warren County, New York,0.94,0.312,0.883,0.248,0.912,0.281
Wayne County, New York,0.907,0.198,0.866,0.194,0.887,0.196
Westchester County, New York,0.88,0.482,0.857,0.454,0.869,0.469
Alamance County, North Carolina,0.846,0.236,0.818,0.219,0.833,0.229
Brunswick County, North Carolina,0.902,0.262,0.871,0.295,0.887,0.278
Buncombe County, North Carolina,0.902,0.385,0.89,0.345,0.896,0.366
Burke County, North Carolina,0.865,0.202,0.747,0.143,0.808,0.173
Cabarrus County, North Carolina,0.89,0.302,0.889,0.291,0.89,0.297
Caldwell County, North Carolina,0.816,0.137,0.78,0.123,0.799,0.13
Carteret County, North Carolina,0.925,0.32,0.881,0.271,0.904,0.297
Catawba County, North Carolina,0.854,0.242,0.821,0.227,0.838,0.235
Chatham County, North Carolina,0.893,0.409,0.85,0.371,0.874,0.392
Cleveland County, North Carolina,0.849,0.139,0.798,0.128,0.825,0.134
Craven County, North Carolina,0.933,0.261,0.87,0.23,0.902,0.246
Cumberland County, North Carolina,0.908,0.252,0.91,0.266,0.909,0.259
Davidson County, North Carolina,0.844,0.228,0.82,0.179,0.833,0.204
Durham County, North Carolina,0.886,0.478,0.852,0.43,0.87,0.456
Forsyth County, North Carolina,0.901,0.338,0.872,0.352,0.888,0.344
Gaston County, North Carolina,0.856,0.196,0.832,0.188,0.845,0.192
Guilford County, North Carolina,0.893,0.342,0.868,0.344,0.882,0.343
Harnett County, North Carolina,0.86,0.207,0.855,0.19,0.857,0.199
Henderson County, North Carolina,0.872,0.307,0.855,0.301,0.864,0.304
Iredell County, North Carolina,0.884,0.264,0.853,0.275,0.869,0.269
Johnston County, North Carolina,0.874,0.228,0.813,0.179,0.845,0.205
Lincoln County, North Carolina,0.805,0.196,0.826,0.191,0.815,0.194
Mecklenburg County, North Carolina,0.912,0.431,0.873,0.435,0.894,0.433
Moore County, North Carolina,0.873,0.349,0.843,0.33,0.859,0.34
Nash County, North Carolina,0.853,0.212,0.79,0.191,0.824,0.202
New Hanover County, North Carolina,0.942,0.37,0.932,0.369,0.937,0.37
Onslow County, North Carolina,0.907,0.234,0.92,0.182,0.914,0.208
Orange County, North Carolina,0.953,0.593,0.886,0.535,0.921,0.565
Pitt County, North Carolina,0.896,0.35,0.894,0.277,0.895,0.316
Randolph County, North Carolina,0.807,0.163,0.782,0.136,0.795,0.15
Robeson County, North Carolina,0.825,0.159,0.706,0.095,0.769,0.129
Rockingham County, North Carolina,0.862,0.159,0.812,0.12,0.839,0.141
Rowan County, North Carolina,0.861,0.172,0.798,0.157,0.83,0.165
Rutherford County, North Carolina,0.833,0.165,0.776,0.14,0.806,0.154
Surry County, North Carolina,0.839,0.178,0.736,0.16,0.79,0.169
Union County, North Carolina,0.916,0.348,0.897,0.349,0.907,0.348
Wake County, North Carolina,0.925,0.5,0.924,0.502,0.924,0.501
Wayne County, North Carolina,0.86,0.241,0.846,0.195,0.853,0.219
Wilkes County, North Carolina,0.801,0.159,0.744,0.104,0.774,0.132
Wilson County, North Carolina,0.808,0.224,0.767,0.184,0.788,0.205
Burleigh County, North Dakota,0.941,0.379,0.923,0.348,0.932,0.363
Cass County, North Dakota,0.953,0.377,0.944,0.323,0.948,0.35
Grand Forks County, North Dakota,0.949,0.383,0.957,0.34,0.953,0.361
Ward County, North Dakota,0.917,0.313,0.945,0.263,0.932,0.287
Allen County, Ohio,0.914,0.2,0.913,0.187,0.914,0.194
Ashtabula County, Ohio,0.855,0.133,0.834,0.118,0.845,0.125
Athens County, Ohio,0.901,0.276,0.888,0.325,0.895,0.3
Belmont County, Ohio,0.912,0.202,0.888,0.147,0.9,0.174
Butler County, Ohio,0.884,0.285,0.88,0.296,0.882,0.29
Clark County, Ohio,0.895,0.173,0.85,0.183,0.874,0.177
Clermont County, Ohio,0.915,0.277,0.913,0.29,0.914,0.283
Columbiana County, Ohio,0.855,0.149,0.85,0.138,0.853,0.144
Cuyahoga County, Ohio,0.887,0.303,0.885,0.308,0.886,0.305
Delaware County, Ohio,0.968,0.531,0.973,0.553,0.97,0.542
Erie County, Ohio,0.899,0.213,0.913,0.197,0.906,0.205
Fairfield County, Ohio,0.949,0.291,0.893,0.22,0.922,0.256
Franklin County, Ohio,0.906,0.381,0.902,0.389,0.904,0.385
Geauga County, Ohio,0.899,0.396,0.888,0.352,0.894,0.374
Greene County, Ohio,0.917,0.362,0.93,0.359,0.924,0.36
Hamilton County, Ohio,0.914,0.362,0.917,0.371,0.916,0.366
Hancock County, Ohio,0.91,0.265,0.906,0.268,0.908,0.267
Jefferson County, Ohio,0.899,0.154,0.917,0.151,0.907,0.153
Lake County, Ohio,0.928,0.241,0.919,0.268,0.924,0.254
Licking County, Ohio,0.911,0.238,0.906,0.223,0.908,0.231
Lorain County, Ohio,0.912,0.238,0.894,0.227,0.903,0.233
Lucas County, Ohio,0.896,0.248,0.884,0.242,0.89,0.245
Mahoning County, Ohio,0.908,0.228,0.911,0.242,0.91,0.235
Marion County, Ohio,0.853,0.126,0.818,0.097,0.835,0.111
Medina County, Ohio,0.948,0.34,0.922,0.33,0.935,0.335
Miami County, Ohio,0.883,0.219,0.885,0.225,0.884,0.222
Montgomery County, Ohio,0.905,0.271,0.901,0.28,0.903,0.275
Muskingum County, Ohio,0.896,0.136,0.867,0.176,0.882,0.155
Portage County, Ohio,0.935,0.28,0.906,0.251,0.921,0.266
Richland County, Ohio,0.889,0.154,0.838,0.134,0.863,0.144
Ross County, Ohio,0.862,0.168,0.833,0.122,0.847,0.144
Scioto County, Ohio,0.833,0.149,0.864,0.127,0.848,0.138
Stark County, Ohio,0.914,0.222,0.9,0.211,0.907,0.217
Summit County, Ohio,0.903,0.298,0.924,0.325,0.913,0.311
Trumbull County, Ohio,0.897,0.179,0.88,0.17,0.889,0.175
Tuscarawas County, Ohio,0.848,0.162,0.825,0.156,0.837,0.159
Warren County, Ohio,0.953,0.396,0.919,0.412,0.937,0.404
Wayne County, Ohio,0.828,0.211,0.843,0.236,0.835,0.223
Wood County, Ohio,0.936,0.321,0.953,0.32,0.944,0.321
Canadian County, Oklahoma,0.922,0.249,0.92,0.263,0.921,0.256
Cleveland County, Oklahoma,0.911,0.325,0.918,0.333,0.914,0.329
Comanche County, Oklahoma,0.901,0.215,0.881,0.191,0.891,0.203
Creek County, Oklahoma,0.869,0.17,0.866,0.158,0.867,0.164
Muskogee County, Oklahoma,0.795,0.18,0.854,0.178,0.823,0.179
Oklahoma County, Oklahoma,0.866,0.299,0.854,0.318,0.86,0.308
Payne County, Oklahoma,0.943,0.368,0.93,0.375,0.936,0.372
Pottawatomie County, Oklahoma,0.875,0.164,0.859,0.188,0.868,0.175
Rogers County, Oklahoma,0.922,0.254,0.922,0.237,0.922,0.246
Tulsa County, Oklahoma,0.905,0.302,0.877,0.306,0.892,0.304
Wagoner County, Oklahoma,0.92,0.235,0.91,0.213,0.915,0.224
Benton County, Oregon,0.955,0.537,0.933,0.566,0.945,0.551
Clackamas County, Oregon,0.932,0.359,0.917,0.368,0.925,0.363
Deschutes County, Oregon,0.954,0.372,0.965,0.357,0.959,0.365
Douglas County, Oregon,0.897,0.138,0.87,0.16,0.884,0.149
Jackson County, Oregon,0.908,0.269,0.885,0.242,0.897,0.256
Josephine County, Oregon,0.888,0.142,0.894,0.137,0.891,0.14
Klamath County, Oregon,0.898,0.203,0.897,0.168,0.897,0.186
Lane County, Oregon,0.916,0.294,0.899,0.289,0.908,0.291
Linn County, Oregon,0.919,0.181,0.878,0.162,0.899,0.172
Marion County, Oregon,0.864,0.219,0.854,0.219,0.859,0.219
Multnomah County, Oregon,0.901,0.455,0.904,0.424,0.903,0.44
Polk County, Oregon,0.92,0.255,0.901,0.302,0.911,0.278
Umatilla County, Oregon,0.821,0.158,0.804,0.154,0.812,0.156
Washington County, Oregon,0.907,0.407,0.91,0.445,0.909,0.426
Yamhill County, Oregon,0.889,0.285,0.878,0.204,0.884,0.245
Adams County, Pennsylvania,0.91,0.225,0.876,0.193,0.894,0.21
Allegheny County, Pennsylvania,0.934,0.38,0.936,0.415,0.935,0.397
Armstrong County, Pennsylvania,0.89,0.185,0.901,0.147,0.896,0.166
Beaver County, Pennsylvania,0.906,0.205,0.925,0.227,0.915,0.216
Berks County, Pennsylvania,0.879,0.245,0.859,0.243,0.869,0.244
Blair County, Pennsylvania,0.898,0.207,0.91,0.232,0.904,0.219
Bucks County, Pennsylvania,0.931,0.375,0.935,0.403,0.933,0.388
Butler County, Pennsylvania,0.949,0.316,0.946,0.357,0.948,0.336
Cambria County, Pennsylvania,0.915,0.208,0.911,0.215,0.913,0.211
Carbon County, Pennsylvania,0.888,0.201,0.846,0.157,0.868,0.18
Centre County, Pennsylvania,0.946,0.434,0.927,0.428,0.936,0.43
Chester County, Pennsylvania,0.934,0.504,0.922,0.516,0.928,0.51
Clearfield County, Pennsylvania,0.895,0.11,0.836,0.122,0.864,0.117
Columbia County, Pennsylvania,0.901,0.225,0.874,0.191,0.888,0.209
Crawford County, Pennsylvania,0.888,0.228,0.871,0.176,0.88,0.203
Cumberland County, Pennsylvania,0.916,0.342,0.92,0.335,0.918,0.338
Dauphin County, Pennsylvania,0.901,0.278,0.883,0.292,0.893,0.284
Delaware County, Pennsylvania,0.937,0.368,0.917,0.363,0.927,0.366
Erie County, Pennsylvania,0.917,0.262,0.916,0.266,0.917,0.264
Fayette County, Pennsylvania,0.897,0.179,0.866,0.146,0.882,0.163
Franklin County, Pennsylvania,0.89,0.216,0.864,0.187,0.877,0.202
Indiana County, Pennsylvania,0.882,0.207,0.899,0.172,0.89,0.189
Lackawanna County, Pennsylvania,0.896,0.275,0.891,0.249,0.894,0.262
Lancaster County, Pennsylvania,0.853,0.252,0.835,0.264,0.845,0.258
Lawrence County, Pennsylvania,0.89,0.211,0.886,0.202,0.888,0.207
Lebanon County, Pennsylvania,0.864,0.193,0.843,0.179,0.854,0.186
Lehigh County, Pennsylvania,0.88,0.294,0.881,0.301,0.881,0.297
Luzerne County, Pennsylvania,0.902,0.234,0.891,0.208,0.897,0.221
Lycoming County, Pennsylvania,0.89,0.24,0.872,0.218,0.881,0.229
Mercer County, Pennsylvania,0.899,0.245,0.882,0.224,0.891,0.235
Monroe County, Pennsylvania,0.892,0.259,0.884,0.239,0.888,0.249
Montgomery County, Pennsylvania,0.941,0.474,0.937,0.477,0.939,0.475
Northampton County, Pennsylvania,0.898,0.288,0.904,0.264,0.901,0.276
Northumberland County, Pennsylvania,0.853,0.144,0.86,0.152,0.857,0.148
Philadelphia County, Pennsylvania,0.837,0.278,0.823,0.27,0.831,0.274
Schuylkill County, Pennsylvania,0.893,0.172,0.89,0.148,0.892,0.16
Somerset County, Pennsylvania,0.863,0.166,0.857,0.133,0.86,0.149
Washington County, Pennsylvania,0.925,0.284,0.923,0.3,0.924,0.292
Westmoreland County, Pennsylvania,0.943,0.266,0.932,0.269,0.938,0.267
York County, Pennsylvania,0.892,0.228,0.893,0.226,0.893,0.227
Kent County, Rhode Island,0.922,0.326,0.897,0.297,0.911,0.312
Newport County, Rhode Island,0.937,0.452,0.942,0.479,0.939,0.465
Providence County, Rhode Island,0.844,0.279,0.838,0.275,0.841,0.277
Washington County, Rhode Island,0.961,0.437,0.943,0.447,0.952,0.442
Aiken County, South Carolina,0.84,0.23,0.853,0.269,0.846,0.248
Anderson County, South Carolina,0.847,0.181,0.831,0.199,0.84,0.19
Beaufort County, South Carolina,0.93,0.369,0.909,0.459,0.92,0.412
Berkeley County, South Carolina,0.901,0.253,0.886,0.234,0.894,0.244
Charleston County, South Carolina,0.918,0.422,0.904,0.427,0.912,0.425
Darlington County, South Carolina,0.824,0.157,0.796,0.195,0.811,0.174
Dorchester County, South Carolina,0.926,0.269,0.917,0.277,0.922,0.273
Florence County, South Carolina,0.868,0.233,0.816,0.18,0.845,0.209
Greenville County, South Carolina,0.872,0.315,0.844,0.338,0.859,0.326
Greenwood County, South Carolina,0.86,0.206,0.857,0.276,0.859,0.238
Horry County, South Carolina,0.893,0.233,0.878,0.243,0.886,0.237
Lancaster County, South Carolina,0.852,0.248,0.802,0.242,0.828,0.245
Laurens County, South Carolina,0.845,0.129,0.794,0.15,0.82,0.139
Lexington County, South Carolina,0.904,0.313,0.881,0.298,0.893,0.306
Oconee County, South Carolina,0.845,0.239,0.81,0.255,0.828,0.247
Orangeburg County, South Carolina,0.839,0.255,0.864,0.187,0.851,0.224
Pickens County, South Carolina,0.867,0.213,0.841,0.225,0.854,0.219
Richland County, South Carolina,0.921,0.386,0.901,0.357,0.912,0.372
Spartanburg County, South Carolina,0.841,0.235,0.815,0.234,0.829,0.234
Sumter County, South Carolina,0.85,0.177,0.796,0.167,0.825,0.173
York County, South Carolina,0.913,0.332,0.891,0.326,0.903,0.329
Minnehaha County, South Dakota,0.925,0.315,0.893,0.296,0.909,0.305
Pennington County, South Dakota,0.954,0.306,0.954,0.318,0.954,0.312
Anderson County, Tennessee,0.842,0.221,0.816,0.283,0.83,0.25
Blount County, Tennessee,0.875,0.233,0.867,0.243,0.871,0.237
Bradley County, Tennessee,0.83,0.2,0.814,0.21,0.822,0.205
Davidson County, Tennessee,0.895,0.398,0.87,0.373,0.883,0.386
Greene County, Tennessee,0.853,0.178,0.805,0.145,0.83,0.162
Hamilton County, Tennessee,0.871,0.297,0.859,0.31,0.865,0.303
Knox County, Tennessee,0.91,0.354,0.91,0.371,0.91,0.362
Madison County, Tennessee,0.916,0.27,0.912,0.265,0.915,0.268
Maury County, Tennessee,0.905,0.208,0.887,0.182,0.896,0.196
Montgomery County, Tennessee,0.937,0.283,0.938,0.249,0.937,0.266
Putnam County, Tennessee,0.85,0.239,0.825,0.278,0.838,0.258
Robertson County, Tennessee,0.886,0.179,0.863,0.156,0.875,0.168
Rutherford County, Tennessee,0.901,0.308,0.902,0.293,0.902,0.301
Sevier County, Tennessee,0.866,0.193,0.806,0.193,0.838,0.193
Shelby County, Tennessee,0.88,0.307,0.863,0.291,0.872,0.3
Sullivan County, Tennessee,0.866,0.229,0.866,0.247,0.866,0.238
Sumner County, Tennessee,0.906,0.276,0.883,0.274,0.895,0.275
Washington County, Tennessee,0.91,0.288,0.854,0.294,0.883,0.291
Williamson County, Tennessee,0.958,0.558,0.965,0.597,0.961,0.576
Wilson County, Tennessee,0.905,0.291,0.914,0.317,0.909,0.304
Angelina County, Texas,0.808,0.172,0.768,0.139,0.789,0.156
Bastrop County, Texas,0.812,0.218,0.804,0.16,0.808,0.189
Bell County, Texas,0.898,0.262,0.915,0.247,0.907,0.255
Bexar County, Texas,0.834,0.272,0.83,0.257,0.832,0.265
Bowie County, Texas,0.877,0.15,0.868,0.148,0.873,0.149
Brazoria County, Texas,0.877,0.34,0.85,0.269,0.864,0.304
Brazos County, Texas,0.883,0.4,0.851,0.421,0.867,0.41
Cameron County, Texas,0.629,0.156,0.684,0.147,0.655,0.152
Collin County, Texas,0.932,0.485,0.93,0.521,0.931,0.502
Comal County, Texas,0.916,0.316,0.894,0.333,0.905,0.324
Coryell County, Texas,0.891,0.153,0.885,0.114,0.888,0.135
Dallas County, Texas,0.791,0.302,0.762,0.3,0.777,0.301
Denton County, Texas,0.923,0.404,0.919,0.438,0.921,0.421
Ector County, Texas,0.776,0.184,0.761,0.141,0.769,0.162
Ellis County, Texas,0.87,0.27,0.835,0.192,0.853,0.233
El Paso County, Texas,0.764,0.231,0.785,0.225,0.774,0.228
Fort Bend County, Texas,0.905,0.422,0.902,0.483,0.904,0.451
Galveston County, Texas,0.889,0.296,0.861,0.31,0.876,0.303
Grayson County, Texas,0.875,0.189,0.864,0.194,0.87,0.192
Gregg County, Texas,0.84,0.208,0.838,0.215,0.839,0.211
Guadalupe County, Texas,0.888,0.279,0.874,0.263,0.881,0.271
Harris County, Texas,0.809,0.294,0.791,0.303,0.8,0.299
Harrison County, Texas,0.876,0.18,0.813,0.14,0.845,0.16
Hays County, Texas,0.909,0.351,0.88,0.36,0.895,0.356
Henderson County, Texas,0.862,0.24,0.831,0.166,0.847,0.205
Hidalgo County, Texas,0.608,0.175,0.628,0.171,0.618,0.173
Hunt County, Texas,0.842,0.196,0.832,0.18,0.837,0.188
Jefferson County, Texas,0.853,0.206,0.823,0.174,0.838,0.19
Johnson County, Texas,0.854,0.204,0.836,0.182,0.845,0.193
Kaufman County, Texas,0.861,0.234,0.858,0.173,0.859,0.205
Liberty County, Texas,0.719,0.115,0.768,0.097,0.743,0.106
Lubbock County, Texas,0.851,0.266,0.85,0.26,0.85,0.263
McLennan County, Texas,0.87,0.257,0.824,0.208,0.848,0.233
Midland County, Texas,0.866,0.264,0.843,0.263,0.855,0.264
Montgomery County, Texas,0.88,0.335,0.841,0.344,0.861,0.339
Nacogdoches County, Texas,0.855,0.258,0.792,0.233,0.825,0.246
Nueces County, Texas,0.811,0.221,0.796,0.19,0.804,0.206
Orange County, Texas,0.892,0.197,0.901,0.119,0.896,0.159
Parker County, Texas,0.879,0.253,0.845,0.271,0.863,0.261
Potter County, Texas,0.792,0.156,0.742,0.157,0.766,0.157
Randall County, Texas,0.923,0.321,0.9,0.31,0.912,0.316
Rockwall County, Texas,0.922,0.385,0.904,0.388,0.914,0.387
San Patricio County, Texas,0.815,0.172,0.782,0.195,0.799,0.183
Smith County, Texas,0.842,0.229,0.802,0.265,0.823,0.246
Tarrant County, Texas,0.86,0.307,0.847,0.308,0.854,0.308
Taylor County, Texas,0.889,0.231,0.892,0.226,0.89,0.228
Tom Green County, Texas,0.829,0.229,0.839,0.244,0.834,0.236
Travis County, Texas,0.889,0.477,0.878,0.466,0.883,0.472
Victoria County, Texas,0.871,0.226,0.81,0.223,0.842,0.225
Walker County, Texas,0.9,0.321,0.799,0.178,0.835,0.228
Webb County, Texas,0.636,0.174,0.697,0.173,0.664,0.174
Wichita County, Texas,0.854,0.245,0.806,0.202,0.83,0.224
Williamson County, Texas,0.939,0.39,0.922,0.42,0.931,0.404
Cache County, Utah,0.927,0.341,0.929,0.351,0.928,0.346
Davis County, Utah,0.945,0.315,0.947,0.411,0.946,0.362
Salt Lake County, Utah,0.905,0.313,0.898,0.348,0.901,0.33
Utah County, Utah,0.934,0.341,0.923,0.423,0.929,0.382
Washington County, Utah,0.917,0.23,0.932,0.293,0.924,0.26
Weber County, Utah,0.913,0.215,0.895,0.247,0.904,0.231
Chittenden County, Vermont,0.936,0.512,0.93,0.486,0.933,0.5
Albemarle County, Virginia,0.937,0.51,0.93,0.526,0.933,0.517
Arlington County, Virginia,0.929,0.736,0.922,0.732,0.926,0.734
Augusta County, Virginia,0.874,0.235,0.852,0.204,0.863,0.219
Bedford County, Virginia,0.895,0.29,0.814,0.242,0.855,0.266
Chesterfield County, Virginia,0.922,0.369,0.911,0.385,0.917,0.376
Fairfax County, Virginia,0.922,0.566,0.919,0.624,0.92,0.594
Fauquier County, Virginia,0.922,0.325,0.922,0.335,0.922,0.33
Frederick County, Virginia,0.896,0.313,0.87,0.246,0.884,0.281
Hanover County, Virginia,0.949,0.352,0.899,0.345,0.925,0.349
Henrico County, Virginia,0.917,0.447,0.921,0.434,0.919,0.441
James City County, Virginia,0.958,0.419,0.93,0.533,0.945,0.472
Loudoun County, Virginia,0.939,0.58,0.937,0.625,0.938,0.602
Montgomery County, Virginia,0.926,0.456,0.917,0.499,0.922,0.477
Prince William County, Virginia,0.887,0.39,0.857,0.403,0.873,0.397
Roanoke County, Virginia,0.941,0.339,0.921,0.379,0.932,0.358
Rockingham County, Virginia,0.822,0.274,0.797,0.202,0.81,0.24
Spotsylvania County, Virginia,0.911,0.296,0.88,0.329,0.896,0.312
Stafford County, Virginia,0.924,0.349,0.936,0.37,0.93,0.359
York County, Virginia,0.957,0.399,0.931,0.442,0.944,0.419
Alexandria city, Virginia,0.915,0.606,0.925,0.589,0.92,0.598
Chesapeake city, Virginia,0.916,0.348,0.919,0.286,0.917,0.318
Hampton city, Virginia,0.896,0.263,0.906,0.23,0.9,0.248
Lynchburg city, Virginia,0.876,0.294,0.875,0.377,0.876,0.33
Newport News city, Virginia,0.923,0.237,0.889,0.257,0.907,0.246
Norfolk city, Virginia,0.871,0.269,0.874,0.264,0.873,0.266
Portsmouth city, Virginia,0.845,0.263,0.858,0.204,0.851,0.236
Richmond city, Virginia,0.869,0.37,0.845,0.385,0.858,0.377
Roanoke city, Virginia,0.87,0.234,0.827,0.199,0.85,0.217
Suffolk city, Virginia,0.872,0.282,0.872,0.271,0.872,0.277
Virginia Beach city, Virginia,0.923,0.344,0.938,0.31,0.93,0.328
Benton County, Washington,0.885,0.269,0.902,0.323,0.894,0.295
Chelan County, Washington,0.85,0.226,0.798,0.24,0.824,0.233
Clallam County, Washington,0.95,0.279,0.918,0.238,0.935,0.259
Clark County, Washington,0.917,0.256,0.9,0.295,0.908,0.275
Cowlitz County, Washington,0.901,0.181,0.877,0.164,0.889,0.172
Franklin County, Washington,0.757,0.168,0.763,0.205,0.76,0.187
Grant County, Washington,0.783,0.184,0.713,0.154,0.748,0.169
Grays Harbor County, Washington,0.915,0.169,0.893,0.166,0.904,0.168
Island County, Washington,0.95,0.328,0.948,0.317,0.949,0.322
King County, Washington,0.93,0.498,0.927,0.504,0.929,0.501
Kitsap County, Washington,0.942,0.31,0.955,0.301,0.948,0.305
Lewis County, Washington,0.896,0.177,0.849,0.178,0.873,0.177
Pierce County, Washington,0.921,0.259,0.91,0.254,0.916,0.257
Skagit County, Washington,0.906,0.244,0.912,0.243,0.909,0.244
Snohomish County, Washington,0.921,0.315,0.913,0.33,0.917,0.322
Spokane County, Washington,0.94,0.291,0.925,0.278,0.933,0.285
Thurston County, Washington,0.92,0.33,0.917,0.323,0.919,0.327
Whatcom County, Washington,0.938,0.328,0.922,0.332,0.93,0.33
Yakima County, Washington,0.747,0.165,0.709,0.15,0.728,0.157
Berkeley County, West Virginia,0.907,0.182,0.857,0.175,0.883,0.178
Cabell County, West Virginia,0.905,0.257,0.865,0.242,0.886,0.25
Harrison County, West Virginia,0.88,0.206,0.869,0.231,0.875,0.218
Kanawha County, West Virginia,0.904,0.252,0.87,0.257,0.888,0.254
Monongalia County, West Virginia,0.932,0.387,0.905,0.42,0.918,0.404
Raleigh County, West Virginia,0.829,0.162,0.786,0.154,0.807,0.158
Wood County, West Virginia,0.883,0.198,0.884,0.202,0.883,0.2
Brown County, Wisconsin,0.923,0.308,0.909,0.261,0.917,0.285
Dane County, Wisconsin,0.951,0.489,0.95,0.482,0.951,0.485
Dodge County, Wisconsin,0.905,0.19,0.895,0.155,0.9,0.172
Eau Claire County, Wisconsin,0.933,0.323,0.924,0.317,0.929,0.32
Fond du Lac County, Wisconsin,0.929,0.244,0.903,0.188,0.916,0.217
Jefferson County, Wisconsin,0.919,0.245,0.921,0.199,0.92,0.222
Kenosha County, Wisconsin,0.908,0.24,0.906,0.229,0.907,0.235
La Crosse County, Wisconsin,0.939,0.337,0.94,0.289,0.94,0.314
Manitowoc County, Wisconsin,0.916,0.193,0.874,0.178,0.895,0.186
Marathon County, Wisconsin,0.919,0.236,0.892,0.239,0.905,0.237
Milwaukee County, Wisconsin,0.879,0.31,0.857,0.28,0.868,0.296
Outagamie County, Wisconsin,0.937,0.298,0.951,0.289,0.944,0.293
Ozaukee County, Wisconsin,0.974,0.46,0.969,0.477,0.972,0.468
Portage County, Wisconsin,0.928,0.341,0.919,0.3,0.924,0.32
Racine County, Wisconsin,0.908,0.24,0.871,0.24,0.89,0.24
Rock County, Wisconsin,0.907,0.234,0.888,0.2,0.898,0.218
St. Croix County, Wisconsin,0.967,0.341,0.955,0.283,0.961,0.313
Sheboygan County, Wisconsin,0.901,0.242,0.923,0.225,0.912,0.234
Walworth County, Wisconsin,0.896,0.279,0.879,0.247,0.887,0.263
Washington County, Wisconsin,0.947,0.282,0.938,0.296,0.942,0.289
Waukesha County, Wisconsin,0.962,0.422,0.961,0.427,0.961,0.424
Winnebago County, Wisconsin,0.93,0.27,0.902,0.243,0.916,0.256
Wood County, Wisconsin,0.955,0.216,0.918,0.226,0.937,0.221
Laramie County, Wyoming,0.905,0.279,0.938,0.27,0.921,0.275
Natrona County, Wyoming,0.897,0.212,0.892,0.231,0.894,0.222
Arecibo Municipio, Puerto Rico,0.779,0.267,0.719,0.15,0.752,0.213
Bayamón Municipio, Puerto Rico,0.822,0.332,0.757,0.262,0.793,0.3
Caguas Municipio, Puerto Rico,0.824,0.35,0.774,0.235,0.802,0.299
Carolina Municipio, Puerto Rico,0.813,0.318,0.834,0.284,0.822,0.303
Guaynabo Municipio, Puerto Rico,0.843,0.482,0.842,0.46,0.843,0.472
Mayagüez Municipio, Puerto Rico,0.725,0.249,0.78,0.235,0.75,0.243
Ponce Municipio, Puerto Rico,0.783,0.268,0.781,0.222,0.782,0.247
San Juan Municipio, Puerto Rico,0.79,0.342,0.757,0.31,0.775,0.328
Toa Alta Municipio, Puerto Rico,0.845,0.407,0.809,0.247,0.828,0.332
Toa Baja Municipio, Puerto Rico,0.832,0.315,0.785,0.217,0.811,0.27
Trujillo Alto Municipio, Puerto Rico,0.862,0.403,0.811,0.325,0.839,0.368
